fdcId,dataType,description,foodCategory.description,foodClass,isHistoricalReference,ndbNumber,publicationDate,foodAttributes,foodPortions
321358,Foundation,"Hummus, commercial",Legumes and Legume Products,FinalFood,False,16158,4/1/2019,[],"[{'id': 118804, 'value': 2.0, 'measureUnit': {'id': 1001, 'name': 'tablespoon', 'abbreviation': 'tbsp'}, 'modifier': '', 'gramWeight': 33.9, 'sequenceNumber': 1, 'amount': 2.0, 'minYearAcquired': 2015}]"
321360,Foundation,"Tomatoes, grape, raw",Vegetables and Vegetable Products,FinalFood,False,100147,4/1/2019,[],"[{'id': 118808, 'value': 5.0, 'measureUnit': {'id': 1082, 'name': 'tomatoes', 'abbreviation': 'tomatoes'}, 'modifier': '', 'gramWeight': 49.7, 'sequenceNumber': 1, 'amount': 5.0, 'minYearAcquired': 2016}, {'id': 118809, 'value': 1.0, 'measureUnit': {'id': 1000, 'name': 'cup', 'abbreviation': 'cup'}, 'modifier': '', 'gramWeight': 152.0, 'sequenceNumber': 2, 'amount': 1.0, 'minYearAcquired': 2016}]"
321611,Foundation,"Beans, snap, green, canned, regular pack, drained solids",Vegetables and Vegetable Products,FinalFood,False,11056,4/1/2019,[],"[{'id': 118859, 'value': 1.0, 'measureUnit': {'id': 1000, 'name': 'cup', 'abbreviation': 'cup'}, 'modifier': 'drained', 'gramWeight': 129.0, 'sequenceNumber': 1, 'amount': 1.0, 'minYearAcquired': 2015}]"
323121,Foundation,"Frankfurter, beef, unheated",Sausages and Luncheon Meats,FinalFood,False,7022,4/1/2019,[],"[{'id': 118987, 'value': 1.0, 'measureUnit': {'id': 1043, 'name': 'piece', 'abbreviation': 'piece'}, 'modifier': '', 'gramWeight': 48.6, 'sequenceNumber': 1, 'amount': 1.0, 'minYearAcquired': 2015}]"
323294,Foundation,"Nuts, almonds, dry roasted, with salt added",Nut and Seed Products,FinalFood,False,12563,4/1/2019,[],"[{'id': 119012, 'value': 1.0, 'measureUnit': {'id': 1000, 'name': 'cup', 'abbreviation': 'cup'}, 'modifier': 'whole', 'gramWeight': 135.0, 'sequenceNumber': 1, 'amount': 1.0, 'minYearAcquired': 2001}]"
323505,Foundation,"Kale, raw",Vegetables and Vegetable Products,FinalFood,False,11233,4/1/2019,[],"[{'id': 119057, 'value': 1.0, 'measureUnit': {'id': 1000, 'name': 'cup', 'abbreviation': 'cup'}, 'modifier': 'pieces of ~1""', 'gramWeight': 20.6, 'sequenceNumber': 1, 'amount': 1.0, 'minYearAcquired': 2015}]"
323604,Foundation,"Egg, whole, raw, frozen, pasteurized",Dairy and Egg Products,FinalFood,False,1171,4/1/2019,[],"[{'id': 119060, 'value': 1.0, 'measureUnit': {'id': 1038, 'name': 'oz', 'abbreviation': 'oz'}, 'modifier': '', 'gramWeight': 28.4, 'sequenceNumber': 1, 'amount': 1.0, 'minYearAcquired': 2017}]"
323697,Foundation,"Egg, white, raw, frozen, pasteurized",Dairy and Egg Products,FinalFood,False,1172,4/1/2019,[],"[{'id': 119063, 'value': 1.0, 'measureUnit': {'id': 1038, 'name': 'oz', 'abbreviation': 'oz'}, 'modifier': '', 'gramWeight': 28.4, 'sequenceNumber': 1, 'amount': 1.0, 'minYearAcquired': 2017}]"
323793,Foundation,"Egg, white, dried",Dairy and Egg Products,FinalFood,False,1173,4/1/2019,[],"[{'id': 119069, 'value': 1.0, 'measureUnit': {'id': 1001, 'name': 'tablespoon', 'abbreviation': 'tbsp'}, 'modifier': '', 'gramWeight': 7.0, 'sequenceNumber': 1, 'amount': 1.0, 'minYearAcquired': 2017}, {'id': 119070, 'value': 1.0, 'measureUnit': {'id': 1000, 'name': 'cup', 'abbreviation': 'cup'}, 'modifier': 'sifted', 'gramWeight': 107.0, 'sequenceNumber': 2, 'amount': 1.0, 'minYearAcquired': 2017}]"
324317,Foundation,"Onion rings, breaded, par fried, frozen, prepared, heated in oven",Vegetables and Vegetable Products,FinalFood,False,11296,4/1/2019,[],"[{'id': 119129, 'value': 1.0, 'measureUnit': {'id': 1043, 'name': 'piece', 'abbreviation': 'piece'}, 'gramWeight': 20.2, 'sequenceNumber': 1, 'amount': 1.0, 'minYearAcquired': 2012}]"
324653,Foundation,"Pickles, cucumber, dill or kosher dill",Vegetables and Vegetable Products,FinalFood,False,11937,4/1/2019,[],"[{'id': 119202, 'value': 1.0, 'measureUnit': {'id': 1077, 'name': 'spear', 'abbreviation': 'spear'}, 'modifier': '', 'gramWeight': 40.4, 'sequenceNumber': 1, 'amount': 1.0, 'minYearAcquired': 2016}]"
325036,Foundation,"Cheese, parmesan, grated",Dairy and Egg Products,FinalFood,False,1032,4/1/2019,[],"[{'id': 119233, 'value': 1.0, 'measureUnit': {'id': 1001, 'name': 'tablespoon', 'abbreviation': 'tbsp'}, 'gramWeight': 7.6, 'sequenceNumber': 1, 'amount': 1.0, 'minYearAcquired': 2013}]"
325198,Foundation,"Cheese, pasteurized process, American, vitamin D fortified",Dairy and Egg Products,FinalFood,False,1042,4/1/2019,[],"[{'id': 119257, 'value': 1.0, 'measureUnit': {'id': 1050, 'name': 'slice', 'abbreviation': 'slice'}, 'gramWeight': 20.6, 'sequenceNumber': 1, 'amount': 1.0, 'minYearAcquired': 2011}]"
325287,Foundation,"Grapefruit juice, white, canned or bottled, unsweetened",Fruits and Fruit Juices,FinalFood,False,9123,4/1/2019,[],"[{'id': 119275, 'value': 1.0, 'measureUnit': {'id': 1000, 'name': 'cup', 'abbreviation': 'cup'}, 'modifier': '', 'gramWeight': 257.0, 'sequenceNumber': 1, 'amount': 1.0, 'minYearAcquired': 2015}]"
325430,Foundation,"Peaches, yellow, raw",Fruits and Fruit Juices,FinalFood,False,9236,4/1/2019,[],"[{'id': 119283, 'value': 1.0, 'measureUnit': {'id': 1028, 'name': 'fruit', 'abbreviation': 'fruit'}, 'modifier': 'small (2-1/2"" dia)', 'gramWeight': 147.0, 'sequenceNumber': 2, 'amount': 1.0, 'minYearAcquired': 2001}, {'id': 119282, 'value': 1.0, 'measureUnit': {'id': 1000, 'name': 'cup', 'abbreviation': 'cup'}, 'modifier': 'slices with skin', 'gramWeight': 154.0, 'sequenceNumber': 1, 'amount': 1.0, 'minYearAcquired': 2001}, {'id': 119285, 'value': 1.0, 'measureUnit': {'id': 1028, 'name': 'fruit', 'abbreviation': 'fruit'}, 'modifier': 'large (2-3/4"" dia)', 'gramWeight': 173.0, 'sequenceNumber': 4, 'amount': 1.0, 'minYearAcquired': 2001}, {'id': 119286, 'value': 1.0, 'measureUnit': {'id': 1028, 'name': 'fruit', 'abbreviation': 'fruit'}, 'modifier': 'extra large (3"" dia)', 'gramWeight': 225.0, 'sequenceNumber': 5, 'amount': 1.0, 'minYearAcquired': 2001}, {'id': 119284, 'value': 1.0, 'measureUnit': {'id': 1028, 'name': 'fruit', 'abbreviation': 'fruit'}, 'modifier': 'medium (2-2/3"" dia)', 'gramWeight': 161.0, 'sequenceNumber': 3, 'amount': 1.0, 'minYearAcquired': 2001}, {'id': 119287, 'value': 1.0, 'measureUnit': {'id': 1049, 'name': 'serving', 'abbreviation': 'serving'}, 'modifier': 'NLEA ', 'gramWeight': 147.0, 'sequenceNumber': 6, 'amount': 1.0, 'minYearAcquired': 2001}]"
325524,Foundation,"Seeds, sunflower seed kernels, dry roasted, with salt added",Nut and Seed Products,FinalFood,False,12537,4/1/2019,[],"[{'id': 119299, 'value': 1.0, 'measureUnit': {'id': 1000, 'name': 'cup', 'abbreviation': 'cup'}, 'modifier': '', 'gramWeight': 127.0, 'sequenceNumber': 1, 'amount': 1.0, 'minYearAcquired': 2015}]"
325871,Foundation,"Bread, white, commercially prepared",Baked Products,FinalFood,False,18069,4/1/2019,[],"[{'id': 119338, 'value': 1.0, 'measureUnit': {'id': 1050, 'name': 'slice', 'abbreviation': 'slice'}, 'gramWeight': 27.3, 'sequenceNumber': 1, 'amount': 1.0, 'minYearAcquired': 2010}]"
326196,Foundation,"Kale, frozen, cooked, boiled, drained, without salt",Vegetables and Vegetable Products,FinalFood,False,11236,4/1/2019,[],"[{'id': 119431, 'value': 1.0, 'measureUnit': {'id': 1000, 'name': 'cup', 'abbreviation': 'cup'}, 'modifier': 'cooked', 'gramWeight': 118.0, 'sequenceNumber': 1, 'amount': 1.0, 'minYearAcquired': 2015}]"
326698,Foundation,"Mustard, prepared, yellow",Spices and Herbs,FinalFood,False,2046,4/1/2019,[],"[{'id': 119501, 'value': 1.0, 'measureUnit': {'id': 1000, 'name': 'cup', 'abbreviation': 'cup'}, 'gramWeight': 249.0, 'sequenceNumber': 2, 'amount': 1.0, 'minYearAcquired': 2003}, {'id': 119500, 'value': 1.0, 'measureUnit': {'id': 1002, 'name': 'teaspoon', 'abbreviation': 'tsp'}, 'gramWeight': 6.0, 'sequenceNumber': 1, 'amount': 1.0, 'minYearAcquired': 2003}]"
327046,Foundation,"Kiwifruit, green, raw",Fruits and Fruit Juices,FinalFood,False,9148,4/1/2019,[],[]
327357,Foundation,"Nectarines, raw",Fruits and Fruit Juices,FinalFood,False,9191,4/1/2019,[],"[{'id': 119531, 'value': 1.0, 'measureUnit': {'id': 1071, 'name': 'each', 'abbreviation': 'each'}, 'modifier': '2-1/3"" dia', 'gramWeight': 129.0, 'sequenceNumber': 2, 'amount': 1.0, 'minYearAcquired': 2000}, {'id': 119533, 'value': 1.0, 'measureUnit': {'id': 1071, 'name': 'each', 'abbreviation': 'each'}, 'modifier': '2-3/4"" dia', 'gramWeight': 156.0, 'sequenceNumber': 4, 'amount': 1.0, 'minYearAcquired': 2000}, {'id': 119532, 'value': 1.0, 'measureUnit': {'id': 1071, 'name': 'each', 'abbreviation': 'each'}, 'modifier': ' 2-1/2"" dia', 'gramWeight': 142.0, 'sequenceNumber': 3, 'amount': 1.0, 'minYearAcquired': 2000}, {'id': 119534, 'value': 1.0, 'measureUnit': {'id': 1049, 'name': 'serving', 'abbreviation': 'serving'}, 'modifier': 'NLEA', 'gramWeight': 140.0, 'sequenceNumber': 5, 'amount': 1.0, 'minYearAcquired': 2000}, {'id': 119530, 'value': 1.0, 'measureUnit': {'id': 1000, 'name': 'cup', 'abbreviation': 'cup'}, 'modifier': ' slices', 'gramWeight': 143.0, 'sequenceNumber': 1, 'amount': 1.0, 'minYearAcquired': 2000}]"
328637,Foundation,"Cheese, cheddar",Dairy and Egg Products,FinalFood,False,1009,4/1/2019,[],
328841,Foundation,"Cheese, cottage, lowfat, 2% milkfat",Dairy and Egg Products,FinalFood,False,1015,4/1/2019,[],"[{'id': 119652, 'value': 1.0, 'measureUnit': {'id': 1000, 'name': 'cup', 'abbreviation': 'cup'}, 'gramWeight': 220.0, 'sequenceNumber': 1, 'amount': 1.0, 'minYearAcquired': 2013}]"
329370,Foundation,"Cheese, mozzarella, low moisture, part-skim",Dairy and Egg Products,FinalFood,False,1029,4/1/2019,[],"[{'id': 119685, 'value': 1.0, 'measureUnit': {'id': 1000, 'name': 'cup', 'abbreviation': 'cup'}, 'gramWeight': 86.2, 'sequenceNumber': 1, 'amount': 1.0, 'minYearAcquired': 2013}]"
329490,Foundation,"Egg, whole, dried",Dairy and Egg Products,FinalFood,False,1133,4/1/2019,[],"[{'id': 119690, 'value': 1.0, 'measureUnit': {'id': 1000, 'name': 'cup', 'abbreviation': 'cup'}, 'modifier': 'sifted', 'gramWeight': 85.0, 'sequenceNumber': 2, 'amount': 1.0, 'minYearAcquired': 2017}, {'id': 119691, 'value': 1.0, 'measureUnit': {'id': 1001, 'name': 'tablespoon', 'abbreviation': 'tbsp'}, 'modifier': '', 'gramWeight': 5.0, 'sequenceNumber': 3, 'amount': 1.0, 'minYearAcquired': 2017}, {'id': 119689, 'value': 1.0, 'measureUnit': {'id': 1038, 'name': 'oz', 'abbreviation': 'oz'}, 'modifier': '', 'gramWeight': 28.4, 'sequenceNumber': 1, 'amount': 1.0, 'minYearAcquired': 2017}]"
329596,Foundation,"Egg, yolk, raw, frozen, pasteurized",Dairy and Egg Products,FinalFood,False,1126,4/1/2019,[],"[{'id': 119694, 'value': 1.0, 'measureUnit': {'id': 1038, 'name': 'oz', 'abbreviation': 'oz'}, 'modifier': '', 'gramWeight': 28.4, 'sequenceNumber': 1, 'amount': 1.0, 'minYearAcquired': 2017}]"
329716,Foundation,"Egg, yolk, dried",Dairy and Egg Products,FinalFood,False,1137,4/1/2019,[],"[{'id': 119700, 'value': 1.0, 'measureUnit': {'id': 1001, 'name': 'tablespoon', 'abbreviation': 'tbsp'}, 'modifier': '', 'gramWeight': 4.0, 'sequenceNumber': 3, 'amount': 1.0, 'minYearAcquired': 2017}, {'id': 119699, 'value': 1.0, 'measureUnit': {'id': 1000, 'name': 'cup', 'abbreviation': 'cup'}, 'modifier': 'sifted', 'gramWeight': 67.0, 'sequenceNumber': 2, 'amount': 1.0, 'minYearAcquired': 2017}, {'id': 119698, 'value': 1.0, 'measureUnit': {'id': 1038, 'name': 'oz', 'abbreviation': 'oz'}, 'modifier': '', 'gramWeight': 28.4, 'sequenceNumber': 1, 'amount': 1.0, 'minYearAcquired': 2017}]"
330137,Foundation,"Yogurt, Greek, plain, nonfat",Dairy and Egg Products,FinalFood,False,1256,4/1/2019,[],"[{'id': 119735, 'value': 1.0, 'measureUnit': {'id': 1023, 'name': 'container', 'abbreviation': 'container'}, 'gramWeight': 156.0, 'sequenceNumber': 1, 'amount': 1.0, 'minYearAcquired': 2012}]"
330415,Foundation,"Yogurt, Greek, strawberry, nonfat",Dairy and Egg Products,FinalFood,False,1285,4/1/2019,[],"[{'id': 119737, 'value': 1.0, 'measureUnit': {'id': 1023, 'name': 'container', 'abbreviation': 'container'}, 'modifier': '5.3 oz', 'gramWeight': 150.0, 'sequenceNumber': 1, 'amount': 1.0, 'minYearAcquired': 2014}]"
330458,Foundation,"Oil, coconut",Fats and Oils,FinalFood,False,4047,4/1/2019,[],"[{'id': 119748, 'value': 1.0, 'measureUnit': {'id': 1001, 'name': 'tablespoon', 'abbreviation': 'tbsp'}, 'modifier': 'liquid oil', 'gramWeight': 11.6, 'sequenceNumber': 1, 'amount': 1.0, 'minYearAcquired': 2014}]"
331897,Foundation,"Chicken, broilers or fryers, drumstick, meat only, cooked, braised",Poultry Products,FinalFood,False,5671,4/1/2019,[],"[{'id': 121309, 'value': 1.0, 'measureUnit': {'id': 1026, 'name': 'drumstick', 'abbreviation': 'drumstick'}, 'modifier': 'with skin', 'gramWeight': 104.0, 'sequenceNumber': 2, 'amount': 1.0, 'minYearAcquired': 2010}, {'id': 121308, 'value': 1.0, 'measureUnit': {'id': 1026, 'name': 'drumstick', 'abbreviation': 'drumstick'}, 'modifier': 'without skin', 'gramWeight': 94.7, 'sequenceNumber': 1, 'amount': 1.0, 'minYearAcquired': 2010}]"
331960,Foundation,"Chicken, broiler or fryers, breast, skinless, boneless, meat only, cooked, braised",Poultry Products,FinalFood,False,5746,4/1/2019,[],"[{'id': 121343, 'value': 1.0, 'measureUnit': {'id': 1043, 'name': 'piece', 'abbreviation': 'piece'}, 'gramWeight': 174.0, 'sequenceNumber': 1, 'amount': 1.0, 'minYearAcquired': 2012}]"
332282,Foundation,"Sauce, pasta, spaghetti/marinara, ready-to-serve","Soups, Sauces, and Gravies",FinalFood,False,6931,4/1/2019,[],"[{'id': 121416, 'value': 1.0, 'measureUnit': {'id': 1049, 'name': 'serving', 'abbreviation': 'serving'}, 'modifier': '1/2 cup', 'gramWeight': 135.0, 'sequenceNumber': 1, 'amount': 1.0, 'minYearAcquired': 2009}]"
332397,Foundation,"Ham, sliced, pre-packaged, deli meat (96%fat free, water added)",Sausages and Luncheon Meats,FinalFood,False,7028,4/1/2019,[],"[{'id': 121438, 'value': 1.0, 'measureUnit': {'id': 1050, 'name': 'slice', 'abbreviation': 'slice'}, 'modifier': '', 'gramWeight': 13.5, 'sequenceNumber': 1, 'amount': 1.0, 'minYearAcquired': 2015}]"
332791,Foundation,"Olives, green, Manzanilla, stuffed with pimiento",Fruits and Fruit Juices,FinalFood,False,9533,4/1/2019,[],"[{'id': 121478, 'value': 1.0, 'measureUnit': {'id': 1067, 'name': 'olive', 'abbreviation': 'olive'}, 'modifier': '', 'gramWeight': 3.2, 'sequenceNumber': 1, 'amount': 1.0, 'minYearAcquired': 2015}]"
333008,Foundation,"Cookies, oatmeal, soft, with raisins",Baked Products,FinalFood,False,100192,4/1/2019,[],"[{'id': 121513, 'value': 1.0, 'measureUnit': {'id': 1022, 'name': 'cookie', 'abbreviation': 'cookie'}, 'modifier': '', 'gramWeight': 27.0, 'sequenceNumber': 1, 'amount': 1.0, 'minYearAcquired': 2016}]"
333281,Foundation,"Tomatoes, canned, red, ripe, diced",Vegetables and Vegetable Products,FinalFood,False,100193,4/1/2019,[],"[{'id': 121582, 'value': 1.0, 'measureUnit': {'id': 1000, 'name': 'cup', 'abbreviation': 'cup'}, 'modifier': '', 'gramWeight': 245.0, 'sequenceNumber': 1, 'amount': 1.0, 'minYearAcquired': 2016}]"
333374,Foundation,"Fish, haddock, raw",Finfish and Shellfish Products,FinalFood,False,15033,4/1/2019,[],"[{'id': 121591, 'value': 1.0, 'measureUnit': {'id': 1027, 'name': 'fillet', 'abbreviation': 'fillet'}, 'gramWeight': 176.0, 'sequenceNumber': 1, 'amount': 1.0, 'minYearAcquired': 2008}]"
333476,Foundation,"Fish, pollock, raw",Finfish and Shellfish Products,FinalFood,False,15066,4/1/2019,[],"[{'id': 121600, 'value': 1.0, 'measureUnit': {'id': 1027, 'name': 'fillet', 'abbreviation': 'fillet'}, 'gramWeight': 177.0, 'sequenceNumber': 1, 'amount': 1.0, 'minYearAcquired': 2008}]"
334194,Foundation,"Fish, tuna, light, canned in water, drained solids",Finfish and Shellfish Products,FinalFood,False,15121,4/1/2019,[],
334536,Foundation,"Restaurant, Chinese, fried rice, without meat",Restaurant Foods,FinalFood,False,36602,4/1/2019,[],"[{'id': 121786, 'value': 1.0, 'measureUnit': {'id': 1000, 'name': 'cup', 'abbreviation': 'cup'}, 'gramWeight': 133.0, 'sequenceNumber': 1, 'amount': 1.0, 'minYearAcquired': 2013}]"
334628,Foundation,"Restaurant, Latino, tamale, pork",Restaurant Foods,FinalFood,False,36412,4/1/2019,[],"[{'id': 121795, 'value': 1.0, 'measureUnit': {'id': 1043, 'name': 'piece', 'abbreviation': 'piece'}, 'gramWeight': 142.0, 'sequenceNumber': 1, 'amount': 1.0, 'minYearAcquired': 2009}]"
334720,Foundation,"Restaurant, Latino, pupusas con frijoles (pupusas, bean)",Restaurant Foods,FinalFood,False,36408,4/1/2019,[],"[{'id': 121806, 'value': 1.0, 'measureUnit': {'id': 1043, 'name': 'piece', 'abbreviation': 'piece'}, 'gramWeight': 126.0, 'sequenceNumber': 1, 'amount': 1.0, 'minYearAcquired': 2009}]"
335240,Foundation,"Bread, whole-wheat, commercially prepared",Baked Products,FinalFood,False,18075,4/1/2019,[],"[{'id': 121952, 'value': 1.0, 'measureUnit': {'id': 1050, 'name': 'slice', 'abbreviation': 'slice'}, 'gramWeight': 32.1, 'sequenceNumber': 1, 'amount': 1.0, 'minYearAcquired': 2012}]"
746758,Foundation,"Beef, loin, tenderloin roast, separable lean only, boneless, trimmed to 0"" fat, select, cooked, roasted",Beef Products,FinalFood,False,23377,12/16/2019,[],"[{'id': 187488, 'value': 1.0, 'measureUnit': {'id': 1046, 'name': 'roast', 'abbreviation': 'roast'}, 'modifier': 'cooked', 'gramWeight': 462.0, 'sequenceNumber': 1, 'amount': 1.0, 'minYearAcquired': 2011}]"
746759,Foundation,"Beef, loin, top loin steak, boneless, lip-on, separable lean only, trimmed to 1/8"" fat, choice, raw",Beef Products,FinalFood,False,23385,12/16/2019,[],"[{'id': 187489, 'value': 1.0, 'measureUnit': {'id': 1054, 'name': 'steak', 'abbreviation': 'steak'}, 'modifier': 'raw', 'gramWeight': 284.0, 'sequenceNumber': 1, 'amount': 1.0, 'minYearAcquired': 2011}]"
746760,Foundation,"Beef, round, eye of round roast, boneless, separable lean only, trimmed to 0"" fat, select, raw",Beef Products,FinalFood,False,23362,12/16/2019,[],"[{'id': 187490, 'value': 1.0, 'measureUnit': {'id': 1046, 'name': 'roast', 'abbreviation': 'roast'}, 'modifier': 'raw', 'gramWeight': 690.0, 'sequenceNumber': 1, 'amount': 1.0, 'minYearAcquired': 2011}]"
746761,Foundation,"Beef, round, top round roast, boneless, separable lean only, trimmed to 0"" fat, select, raw",Beef Products,FinalFood,False,23359,12/16/2019,[],"[{'id': 187491, 'value': 1.0, 'measureUnit': {'id': 1046, 'name': 'roast', 'abbreviation': 'roast'}, 'modifier': 'raw', 'gramWeight': 788.0, 'sequenceNumber': 1, 'amount': 1.0, 'minYearAcquired': 2011}]"
746762,Foundation,"Beef, short loin, porterhouse steak, separable lean only, trimmed to 1/8"" fat, select, raw",Beef Products,FinalFood,False,13468,12/16/2019,[],"[{'id': 187492, 'value': 1.0, 'measureUnit': {'id': 1054, 'name': 'steak', 'abbreviation': 'steak'}, 'modifier': 'raw', 'gramWeight': 525.0, 'sequenceNumber': 1, 'amount': 1.0, 'minYearAcquired': 2011}]"
746763,Foundation,"Beef, short loin, t-bone steak, bone-in, separable lean only, trimmed to 1/8"" fat, choice, cooked, grilled",Beef Products,FinalFood,False,13236,12/16/2019,[],"[{'id': 187493, 'value': 1.0, 'measureUnit': {'id': 1054, 'name': 'steak', 'abbreviation': 'steak'}, 'modifier': 'cooked', 'gramWeight': 360.0, 'sequenceNumber': 1, 'amount': 1.0, 'minYearAcquired': 2011}]"
746764,Foundation,"Carrots, frozen, unprepared",Vegetables and Vegetable Products,FinalFood,False,11130,12/16/2019,[],[]
746765,Foundation,"Cheese, dry white, queso seco",Dairy and Egg Products,FinalFood,False,1227,12/16/2019,[],"[{'id': 187494, 'value': 1.0, 'measureUnit': {'id': 1000, 'name': 'cup', 'abbreviation': 'cup'}, 'modifier': 'grated', 'gramWeight': 97.3, 'sequenceNumber': 1, 'amount': 1.0, 'minYearAcquired': 2009}]"
746766,Foundation,"Cheese, ricotta, whole milk",Dairy and Egg Products,FinalFood,False,1036,12/16/2019,[],"[{'id': 187495, 'value': 0.2, 'measureUnit': {'id': 1000, 'name': 'cup', 'abbreviation': 'cup'}, 'modifier': '', 'gramWeight': 64.6, 'sequenceNumber': 1, 'amount': 0.2, 'minYearAcquired': 2016}, {'id': 187497, 'value': 1.0, 'measureUnit': {'id': 1000, 'name': 'cup', 'abbreviation': 'cup'}, 'modifier': '', 'gramWeight': 258.0, 'sequenceNumber': 3, 'amount': 1.0, 'minYearAcquired': 2016}, {'id': 187496, 'value': 0.5, 'measureUnit': {'id': 1000, 'name': 'cup', 'abbreviation': 'cup'}, 'modifier': '', 'gramWeight': 129.0, 'sequenceNumber': 3, 'amount': 0.5, 'minYearAcquired': 2016}]"
746767,Foundation,"Cheese, swiss",Dairy and Egg Products,FinalFood,False,1040,12/16/2019,[],"[{'id': 187498, 'value': 1.0, 'measureUnit': {'id': 1050, 'name': 'slice', 'abbreviation': 'slice'}, 'modifier': 'regular', 'gramWeight': 21.9, 'sequenceNumber': 1, 'amount': 1.0, 'minYearAcquired': 2013}, {'id': 187499, 'value': 1.0, 'measureUnit': {'id': 1050, 'name': 'slice', 'abbreviation': 'slice'}, 'modifier': 'thin', 'gramWeight': 10.9, 'sequenceNumber': 2, 'amount': 1.0, 'minYearAcquired': 2013}]"
746768,Foundation,"Figs, dried, uncooked",Fruits and Fruit Juices,FinalFood,False,9094,12/16/2019,[],"[{'id': 187501, 'value': 1.0, 'measureUnit': {'id': 1071, 'name': 'each', 'abbreviation': 'each'}, 'modifier': '', 'gramWeight': 8.4, 'sequenceNumber': 2, 'amount': 1.0, 'minYearAcquired': 2001}, {'id': 187500, 'value': 1.0, 'measureUnit': {'id': 1000, 'name': 'cup', 'abbreviation': 'cup'}, 'modifier': '', 'gramWeight': 149.0, 'sequenceNumber': 1, 'amount': 1.0, 'minYearAcquired': 2001}]"
746769,Foundation,"Lettuce, cos or romaine, raw",Vegetables and Vegetable Products,FinalFood,False,11251,12/16/2019,[],"[{'id': 187502, 'value': 1.0, 'measureUnit': {'id': 1117, 'name': 'bunch', 'abbreviation': 'bunch'}, 'modifier': '', 'gramWeight': 581.0, 'sequenceNumber': 1, 'amount': 1.0, 'minYearAcquired': 2001}]"
746770,Foundation,"Melons, cantaloupe, raw",Fruits and Fruit Juices,FinalFood,False,9181,12/16/2019,[],"[{'id': 187508, 'value': 1.0, 'measureUnit': {'id': 1060, 'name': 'wedge', 'abbreviation': 'wedge'}, 'modifier': 'medium (1/8 of medium melon)', 'gramWeight': 69.0, 'sequenceNumber': 6, 'amount': 1.0, 'minYearAcquired': 2001}, {'id': 187506, 'value': 1.0, 'measureUnit': {'id': 1060, 'name': 'wedge', 'abbreviation': 'wedge'}, 'modifier': 'large (1/8 of large melon)', 'gramWeight': 102.0, 'sequenceNumber': 4, 'amount': 1.0, 'minYearAcquired': 2001}, {'id': 187509, 'value': 1.0, 'measureUnit': {'id': 1071, 'name': 'each', 'abbreviation': 'each'}, 'modifier': 'small (about 4-1/4"" dia)', 'gramWeight': 441.0, 'sequenceNumber': 7, 'amount': 1.0, 'minYearAcquired': 2001}, {'id': 187505, 'value': 1.0, 'measureUnit': {'id': 1071, 'name': 'each', 'abbreviation': 'each'}, 'modifier': 'large (about 6-1/2"" dia)', 'gramWeight': 814.0, 'sequenceNumber': 3, 'amount': 1.0, 'minYearAcquired': 2001}, {'id': 187503, 'value': 1.0, 'measureUnit': {'id': 1000, 'name': 'cup', 'abbreviation': 'cup'}, 'modifier': 'cubes', 'gramWeight': 160.0, 'sequenceNumber': 1, 'amount': 1.0, 'minYearAcquired': 2001}, {'id': 187511, 'value': 10.0, 'measureUnit': {'id': 1044, 'name': 'pieces', 'abbreviation': 'pieces'}, 'modifier': 'balls', 'gramWeight': 138.0, 'sequenceNumber': 9, 'amount': 10.0, 'minYearAcquired': 2001}, {'id': 187504, 'value': 1.0, 'measureUnit': {'id': 1000, 'name': 'cup', 'abbreviation': 'cup'}, 'modifier': 'diced', 'gramWeight': 156.0, 'sequenceNumber': 2, 'amount': 1.0, 'minYearAcquired': 2001}, {'id': 187507, 'value': 1.0, 'measureUnit': {'id': 1071, 'name': 'each', 'abbreviation': 'each'}, 'modifier': 'medium (about 5"" dia)', 'gramWeight': 552.0, 'sequenceNumber': 5, 'amount': 1.0, 'minYearAcquired': 2001}, {'id': 187510, 'value': 1.0, 'measureUnit': {'id': 1060, 'name': 'wedge', 'abbreviation': 'wedge'}, 'modifier': 'small (1/8 of small melon)', 'gramWeight': 55.0, 'sequenceNumber': 8, 'amount': 1.0, 'minYearAcquired': 2001}]"
746771,Foundation,"Oranges, raw, navels",Fruits and Fruit Juices,FinalFood,False,9202,12/16/2019,[],"[{'id': 187512, 'value': 1.0, 'measureUnit': {'id': 1000, 'name': 'cup', 'abbreviation': 'cup'}, 'modifier': 'sections no membranes', 'gramWeight': 165.0, 'sequenceNumber': 1, 'amount': 1.0, 'minYearAcquired': 2001}, {'id': 187513, 'value': 1.0, 'measureUnit': {'id': 1071, 'name': 'each', 'abbreviation': 'each'}, 'modifier': ' 2-7/8"" dia', 'gramWeight': 140.0, 'sequenceNumber': 2, 'amount': 1.0, 'minYearAcquired': 2001}]"
746772,Foundation,"Milk, lowfat, fluid, 1% milkfat, with added vitamin A and vitamin D",Dairy and Egg Products,FinalFood,False,1082,12/16/2019,[],"[{'id': 187514, 'value': 1.0, 'measureUnit': {'id': 1000, 'name': 'cup', 'abbreviation': 'cup'}, 'modifier': '', 'gramWeight': 246.0, 'sequenceNumber': 1, 'amount': 1.0, 'minYearAcquired': 2018}]"
746773,Foundation,"Pears, raw, bartlett",Fruits and Fruit Juices,FinalFood,False,9412,12/16/2019,[],"[{'id': 187515, 'value': 1.0, 'measureUnit': {'id': 1000, 'name': 'cup', 'abbreviation': 'cup'}, 'modifier': 'slices', 'gramWeight': 140.0, 'sequenceNumber': 1, 'amount': 1.0, 'minYearAcquired': 2000}, {'id': 187517, 'value': 1.0, 'measureUnit': {'id': 1071, 'name': 'each', 'abbreviation': 'each'}, 'modifier': 'medium', 'gramWeight': 178.0, 'sequenceNumber': 3, 'amount': 1.0, 'minYearAcquired': 2000}, {'id': 187518, 'value': 1.0, 'measureUnit': {'id': 1071, 'name': 'each', 'abbreviation': 'each'}, 'modifier': 'large', 'gramWeight': 230.0, 'sequenceNumber': 4, 'amount': 1.0, 'minYearAcquired': 2000}, {'id': 187516, 'value': 1.0, 'measureUnit': {'id': 1071, 'name': 'each', 'abbreviation': 'each'}, 'modifier': 'small', 'gramWeight': 148.0, 'sequenceNumber': 2, 'amount': 1.0, 'minYearAcquired': 2000}]"
746774,Foundation,"Restaurant, Chinese, sweet and sour pork",Restaurant Foods,FinalFood,False,36622,12/16/2019,[],"[{'id': 187519, 'value': 1.0, 'measureUnit': {'id': 1069, 'name': 'order', 'abbreviation': 'order'}, 'gramWeight': 611.0, 'sequenceNumber': 1, 'amount': 1.0, 'minYearAcquired': 2009}, {'id': 187520, 'value': 3.0, 'measureUnit': {'id': 1044, 'name': 'pieces', 'abbreviation': 'pieces'}, 'gramWeight': 41.8, 'sequenceNumber': 2, 'amount': 3.0, 'minYearAcquired': 2009}]"
746775,Foundation,"Salt, table, iodized",Spices and Herbs,FinalFood,False,2047,12/16/2019,[],"[{'id': 187521, 'value': 1.0, 'measureUnit': {'id': 1002, 'name': 'teaspoon', 'abbreviation': 'tsp'}, 'modifier': '', 'gramWeight': 6.1, 'sequenceNumber': 1, 'amount': 1.0, 'minYearAcquired': 2018}]"
746776,Foundation,"Milk, nonfat, fluid, with added vitamin A and vitamin D (fat free or skim)",Dairy and Egg Products,FinalFood,False,1085,12/16/2019,[],"[{'id': 187522, 'value': 1.0, 'measureUnit': {'id': 1000, 'name': 'cup', 'abbreviation': 'cup'}, 'modifier': '', 'gramWeight': 246.0, 'sequenceNumber': 1, 'amount': 1.0, 'minYearAcquired': 2018}]"
746777,Foundation,"Sauce, salsa, ready-to-serve","Soups, Sauces, and Gravies",FinalFood,False,6164,12/16/2019,[],"[{'id': 187523, 'value': 2.0, 'measureUnit': {'id': 1001, 'name': 'tablespoon', 'abbreviation': 'tbsp'}, 'gramWeight': 35.7, 'sequenceNumber': 1, 'amount': 2.0, 'minYearAcquired': 2011}]"
746778,Foundation,"Milk, reduced fat, fluid, 2% milkfat, with added vitamin A and vitamin D",Dairy and Egg Products,FinalFood,False,1079,12/16/2019,[],"[{'id': 187524, 'value': 1.0, 'measureUnit': {'id': 1000, 'name': 'cup', 'abbreviation': 'cup'}, 'modifier': '', 'gramWeight': 245.0, 'sequenceNumber': 1, 'amount': 1.0, 'minYearAcquired': 2018}]"
746779,Foundation,"Sausage, breakfast sausage, beef, pre-cooked, unprepared",Sausages and Luncheon Meats,FinalFood,False,7954,12/16/2019,[],"[{'id': 187525, 'value': 1.0, 'measureUnit': {'id': 1033, 'name': 'link', 'abbreviation': 'link'}, 'modifier': '', 'gramWeight': 18.6, 'sequenceNumber': 1, 'amount': 1.0, 'minYearAcquired': 2016}]"
746780,Foundation,"Sausage, Italian, pork, mild, cooked, pan-fried",Sausages and Luncheon Meats,FinalFood,False,7089,12/16/2019,[],"[{'id': 187526, 'value': 1.0, 'measureUnit': {'id': 1033, 'name': 'link', 'abbreviation': 'link'}, 'modifier': 'medium', 'gramWeight': 86.6, 'sequenceNumber': 1, 'amount': 1.0, 'minYearAcquired': 2016}]"
746781,Foundation,"Sausage, pork, chorizo, link or ground, cooked, pan-fried",Sausages and Luncheon Meats,FinalFood,False,100173,12/16/2019,[],"[{'id': 187528, 'value': 1.0, 'measureUnit': {'id': 1033, 'name': 'link', 'abbreviation': 'link'}, 'modifier': 'long', 'gramWeight': 186.0, 'sequenceNumber': 2, 'amount': 1.0, 'minYearAcquired': 2016}, {'id': 187529, 'value': 1.0, 'measureUnit': {'id': 1000, 'name': 'cup', 'abbreviation': 'cup'}, 'modifier': 'ground', 'gramWeight': 185.0, 'sequenceNumber': 3, 'amount': 1.0, 'minYearAcquired': 2016}, {'id': 187527, 'value': 1.0, 'measureUnit': {'id': 1033, 'name': 'link', 'abbreviation': 'link'}, 'modifier': 'medium', 'gramWeight': 80.4, 'sequenceNumber': 1, 'amount': 1.0, 'minYearAcquired': 2016}]"
746782,Foundation,"Milk, whole, 3.25% milkfat, with added vitamin D",Dairy and Egg Products,FinalFood,False,1077,12/16/2019,[],"[{'id': 187530, 'value': 1.0, 'measureUnit': {'id': 1000, 'name': 'cup', 'abbreviation': 'cup'}, 'modifier': '', 'gramWeight': 249.0, 'sequenceNumber': 1, 'amount': 1.0, 'minYearAcquired': 2018}]"
746783,Foundation,"Sausage, turkey, breakfast links, mild, raw",Sausages and Luncheon Meats,FinalFood,False,7919,12/16/2019,[],"[{'id': 187532, 'value': 1.0, 'measureUnit': {'id': 1039, 'name': 'package', 'abbreviation': 'package'}, 'modifier': '', 'gramWeight': 450.0, 'sequenceNumber': 2, 'amount': 1.0, 'minYearAcquired': 2016}, {'id': 187531, 'value': 1.0, 'measureUnit': {'id': 1033, 'name': 'link', 'abbreviation': 'link'}, 'modifier': '', 'gramWeight': 27.9, 'sequenceNumber': 1, 'amount': 1.0, 'minYearAcquired': 2016}]"
746784,Foundation,"Sugars, granulated",Sweets,FinalFood,False,19335,12/16/2019,[],"[{'id': 187533, 'value': 1.0, 'measureUnit': {'id': 1002, 'name': 'teaspoon', 'abbreviation': 'tsp'}, 'gramWeight': 4.0, 'sequenceNumber': 1, 'amount': 1.0, 'minYearAcquired': 2006}, {'id': 187534, 'value': 1.0, 'measureUnit': {'id': 1000, 'name': 'cup', 'abbreviation': 'cup'}, 'gramWeight': 188.0, 'sequenceNumber': 2, 'amount': 1.0, 'minYearAcquired': 2006}]"
746785,Foundation,"Turkey, ground, 93% lean, 7% fat, pan-broiled crumbles",Poultry Products,FinalFood,False,5666,12/16/2019,[],"[{'id': 187535, 'value': 1.0, 'measureUnit': {'id': 1010, 'name': 'paired cooked w', 'abbreviation': 'ckd pr g'}, 'modifier': 'crumbles', 'gramWeight': 155.0, 'sequenceNumber': 1, 'amount': 1.0, 'minYearAcquired': 2009}]"
746952,Foundation,"Ham, sliced, restaurant",Pork Products,FinalFood,False,7129,12/16/2019,[],"[{'id': 187559, 'value': 1.0, 'measureUnit': {'id': 1050, 'name': 'slice', 'abbreviation': 'slice'}, 'modifier': '', 'gramWeight': 16.2, 'sequenceNumber': 1, 'amount': 1.0, 'minYearAcquired': 2018}]"
747429,Foundation,"Cheese, American, restaurant",Dairy and Egg Products,FinalFood,False,1062,12/16/2019,[],"[{'id': 187632, 'value': 1.0, 'measureUnit': {'id': 1050, 'name': 'slice', 'abbreviation': 'slice'}, 'modifier': '', 'gramWeight': 16.0, 'sequenceNumber': 1, 'amount': 1.0, 'minYearAcquired': 2017}]"
747430,Foundation,"Beans, Dry, Medium Red (0% moisture)",Legumes and Legume Products,FinalFood,False,16500,12/16/2019,[],[]
747431,Foundation,"Beans, Dry, Red (0% moisture)",Legumes and Legume Products,FinalFood,False,16501,12/16/2019,[],[]
747432,Foundation,"Beans, Dry, Flor de Mayo (0% moisture)",Legumes and Legume Products,FinalFood,False,16502,12/16/2019,[],[]
747433,Foundation,"Beans, Dry, Brown (0% moisture)",Legumes and Legume Products,FinalFood,False,16503,12/16/2019,[],[]
747434,Foundation,"Beans, Dry, Tan (0% moisture)",Legumes and Legume Products,FinalFood,False,16504,12/16/2019,[],[]
747435,Foundation,"Beans, Dry, Light Tan (0% moisture)",Legumes and Legume Products,FinalFood,False,16505,12/16/2019,[],[]
747436,Foundation,"Beans, Dry, Carioca (0% moisture)",Legumes and Legume Products,FinalFood,False,16506,12/16/2019,[],[]
747437,Foundation,"Beans, Dry, Cranberry (0% moisture)",Legumes and Legume Products,FinalFood,False,16507,12/16/2019,[],[]
747438,Foundation,"Beans, Dry, Light Red Kidney (0% moisture)",Legumes and Legume Products,FinalFood,False,16508,12/16/2019,[],[]
747439,Foundation,"Beans, Dry, Pink (0% moisture)",Legumes and Legume Products,FinalFood,False,16509,12/16/2019,[],[]
747440,Foundation,"Beans, Dry, Dark Red Kidney (0% moisture)",Legumes and Legume Products,FinalFood,False,16510,12/16/2019,[],[]
747441,Foundation,"Beans, Dry, Navy (0% moisture)",Legumes and Legume Products,FinalFood,False,16511,12/16/2019,[],[]
747442,Foundation,"Beans, Dry, Small White (0% moisture)",Legumes and Legume Products,FinalFood,False,16512,12/16/2019,[],[]
747443,Foundation,"Beans, Dry, Small Red (0% moisture)",Legumes and Legume Products,FinalFood,False,16513,12/16/2019,[],[]
747444,Foundation,"Beans, Dry, Black (0% moisture)",Legumes and Legume Products,FinalFood,False,16514,12/16/2019,[],[]
747445,Foundation,"Beans, Dry, Pinto (0% moisture)",Legumes and Legume Products,FinalFood,False,16515,12/16/2019,[],[]
747446,Foundation,"Beans, Dry, Great Northern (0% moisture)",Legumes and Legume Products,FinalFood,False,16516,12/16/2019,[],[]
747447,Foundation,"Broccoli, raw",Vegetables and Vegetable Products,FinalFood,False,11090,12/16/2019,[],"[{'id': 187633, 'value': 1.0, 'measureUnit': {'id': 1000, 'name': 'cup', 'abbreviation': 'cup'}, 'modifier': 'chopped', 'gramWeight': 76.0, 'sequenceNumber': 1, 'amount': 1.0, 'minYearAcquired': 2001}]"
747693,Foundation,"Ketchup, restaurant",Vegetables and Vegetable Products,FinalFood,False,11966,12/16/2019,[],[]
747997,Foundation,"Eggs, Grade A, Large, egg white",Dairy and Egg Products,FinalFood,False,1124,12/16/2019,[],"[{'id': 190538, 'value': 1.0, 'measureUnit': {'id': 1099, 'name': 'egg', 'abbreviation': 'egg'}, 'modifier': 'white', 'gramWeight': 34.0, 'sequenceNumber': 1, 'amount': 1.0, 'minYearAcquired': 2019}]"
748236,Foundation,"Eggs, Grade A, Large, egg yolk",Dairy and Egg Products,FinalFood,False,1125,12/16/2019,[],"[{'id': 192336, 'value': 1.0, 'measureUnit': {'id': 1099, 'name': 'egg', 'abbreviation': 'egg'}, 'modifier': 'yolk', 'gramWeight': 17.0, 'sequenceNumber': 1, 'amount': 1.0, 'minYearAcquired': 2019}]"
748278,Foundation,"Oil, canola",Fats and Oils,FinalFood,False,4582,12/16/2019,[],"[{'id': 192340, 'value': 100.0, 'measureUnit': {'id': 1004, 'name': 'milliliter', 'abbreviation': 'ml'}, 'modifier': '', 'gramWeight': 90.9, 'sequenceNumber': 1, 'amount': 100.0, 'minYearAcquired': 2019}]"
748323,Foundation,"Oil, corn",Fats and Oils,FinalFood,False,4518,12/16/2019,[],"[{'id': 192344, 'value': 100.0, 'measureUnit': {'id': 1004, 'name': 'milliliter', 'abbreviation': 'ml'}, 'modifier': '', 'gramWeight': 91.3, 'sequenceNumber': 1, 'amount': 100.0, 'minYearAcquired': 2019}]"
748366,Foundation,"Oil, soybean",Fats and Oils,FinalFood,False,4044,12/16/2019,[],"[{'id': 192348, 'value': 100.0, 'measureUnit': {'id': 1004, 'name': 'milliliter', 'abbreviation': 'ml'}, 'modifier': '', 'gramWeight': 91.3, 'sequenceNumber': 1, 'amount': 100.0, 'minYearAcquired': 2019}]"
748608,Foundation,"Oil, olive, extra virgin",Fats and Oils,FinalFood,False,4063,12/16/2019,[],"[{'id': 192355, 'value': 100.0, 'measureUnit': {'id': 1004, 'name': 'milliliter', 'abbreviation': 'ml'}, 'modifier': '', 'gramWeight': 90.7, 'sequenceNumber': 1, 'amount': 100.0, 'minYearAcquired': 2019}]"
748967,Foundation,"Eggs, Grade A, Large, egg whole",Dairy and Egg Products,FinalFood,False,1123,12/16/2019,[],"[{'id': 193781, 'value': 1.0, 'measureUnit': {'id': 1099, 'name': 'egg', 'abbreviation': 'egg'}, 'modifier': 'whole without shell', 'gramWeight': 50.3, 'sequenceNumber': 1, 'amount': 1.0, 'minYearAcquired': 2019}]"
749420,Foundation,"Pork, cured, bacon, cooked, restaurant",Pork Products,FinalFood,False,10896,12/16/2019,[],"[{'id': 193859, 'value': 1.0, 'measureUnit': {'id': 1050, 'name': 'slice', 'abbreviation': 'slice'}, 'modifier': '', 'gramWeight': 6.3, 'sequenceNumber': 1, 'amount': 1.0, 'minYearAcquired': 2017}]"
789828,Foundation,"Butter, stick, unsalted",Dairy and Egg Products,FinalFood,False,1145,4/1/2020,[],[]
789890,Foundation,"Flour, wheat, all-purpose, enriched, bleached",Cereal Grains and Pasta,FinalFood,False,20081,4/1/2020,[],[]
789951,Foundation,"Flour, wheat, all-purpose, enriched, unbleached",Cereal Grains and Pasta,FinalFood,False,20581,4/1/2020,[],[]
790018,Foundation,"Flour, wheat, all-purpose, unenriched, unbleached",Cereal Grains and Pasta,FinalFood,False,20481,4/1/2020,[],[]
790085,Foundation,"Flour, whole wheat, unenriched",Cereal Grains and Pasta,FinalFood,False,20080,4/1/2020,[],[]
790146,Foundation,"Flour, bread, white, enriched, unbleached",Cereal Grains and Pasta,FinalFood,False,20083,4/1/2020,[],[]
790214,Foundation,"Flour, rice, white, unenriched",Cereal Grains and Pasta,FinalFood,False,20061,4/1/2020,[],[]
790276,Foundation,"Flour, corn, yellow, fine meal, enriched",Cereal Grains and Pasta,FinalFood,False,100251,4/1/2020,[],[]
790508,Foundation,"Butter, stick, salted",Dairy and Egg Products,FinalFood,False,1001,4/1/2020,[],[]
790577,Foundation,"Onions, red, raw",Vegetables and Vegetable Products,FinalFood,False,100252,4/1/2020,[],"[{'id': 234609, 'value': 1.0, 'measureUnit': {'id': 1120, 'name': 'Onion', 'abbreviation': 'Onion'}, 'modifier': 'Edible', 'gramWeight': 197.0, 'sequenceNumber': 1, 'amount': 1.0, 'minYearAcquired': 2019}]"
790646,Foundation,"Onions, yellow, raw",Vegetables and Vegetable Products,FinalFood,False,100253,4/1/2020,[],"[{'id': 234698, 'value': 1.0, 'measureUnit': {'id': 1120, 'name': 'Onion', 'abbreviation': 'Onion'}, 'modifier': 'Edible', 'gramWeight': 143.0, 'sequenceNumber': 1, 'amount': 1.0, 'minYearAcquired': 2019}]"
1104647,Foundation,"Garlic, raw",Vegetables and Vegetable Products,FinalFood,False,11215,10/30/2020,[],[]
1104705,Foundation,"Flour, soy, defatted",Legumes and Legume Products,FinalFood,False,16117,10/30/2020,[],[]
1104766,Foundation,"Flour, soy, full-fat",Legumes and Legume Products,FinalFood,False,16115,10/30/2020,[],[]
1104812,Foundation,"Flour, rice, brown",Cereal Grains and Pasta,FinalFood,False,20090,10/30/2020,[],[]
1104867,Foundation,"Flour, rice, glutinous",Cereal Grains and Pasta,FinalFood,False,100257,10/30/2020,[],[]
1104913,Foundation,"Flour, pastry, unenriched, unbleached",Cereal Grains and Pasta,FinalFood,False,100256,10/30/2020,[],[]
1104962,Foundation,"Onions, white, raw",Vegetables and Vegetable Products,FinalFood,False,100255,10/30/2020,[],[]
1105073,Foundation,"Bananas, overripe, raw",Fruits and Fruit Juices,FinalFood,False,100254,4/1/2020,[],"[{'id': 267488, 'value': 1.0, 'measureUnit': {'id': 1119, 'name': 'Banana', 'abbreviation': 'Banana'}, 'modifier': 'Peeled', 'gramWeight': 110.0, 'sequenceNumber': 1, 'amount': 1.0, 'minYearAcquired': 2019}]"
1105314,Foundation,"Bananas, ripe and slightly ripe, raw",Fruits and Fruit Juices,FinalFood,False,9040,4/1/2020,[],"[{'id': 267795, 'value': 1.0, 'measureUnit': {'id': 1119, 'name': 'Banana', 'abbreviation': 'Banana'}, 'modifier': 'Peeled', 'gramWeight': 115.0, 'sequenceNumber': 1, 'amount': 1.0, 'minYearAcquired': 2019}]"
1750339,Foundation,"Apples, red delicious, with skin, raw",Fruits and Fruit Juices,FinalFood,False,9500,10/30/2020,[],[]
1750340,Foundation,"Apples, fuji, with skin, raw",Fruits and Fruit Juices,FinalFood,False,9504,10/30/2020,[],[]
1750341,Foundation,"Apples, gala, with skin, raw",Fruits and Fruit Juices,FinalFood,False,9503,10/30/2020,[],[]
1750342,Foundation,"Apples, granny smith, with skin, raw",Fruits and Fruit Juices,FinalFood,False,9502,10/30/2020,[],[]
1750343,Foundation,"Apples, honeycrisp, with skin, raw",Fruits and Fruit Juices,FinalFood,False,9501,10/30/2020,[],[]
1750348,Foundation,"Oil, peanut",Fats and Oils,FinalFood,False,4042,4/28/2021,[],[]
1750349,Foundation,"Oil, sunflower",Fats and Oils,FinalFood,False,100262,4/28/2021,[],[]
1750350,Foundation,"Oil, safflower",Fats and Oils,FinalFood,False,4511,4/28/2021,[],[]
1750351,Foundation,"Oil, olive, extra light",Fats and Oils,FinalFood,False,100258,4/28/2021,[],[]
1999626,Foundation,"Mushroom, lion's mane",Vegetables and Vegetable Products,FinalFood,False,100259,10/28/2021,[],[]
1999627,Foundation,"Mushroom, oyster",Vegetables and Vegetable Products,FinalFood,False,11987,10/28/2021,[],[]
1999628,Foundation,"Mushrooms, shiitake",Vegetables and Vegetable Products,FinalFood,False,11238,10/28/2021,[],[]
1999629,Foundation,"Mushrooms, white button",Vegetables and Vegetable Products,FinalFood,False,11260,10/28/2021,[],[]
1999630,Foundation,"Soy milk, unsweetened, plain, shelf stable",Legumes and Legume Products,FinalFood,False,16222,10/28/2021,[],[]
1999631,Foundation,"Almond milk, unsweetened, plain, shelf stable",Beverages,FinalFood,False,14091,10/28/2021,[],[]
1999632,Foundation,"Spinach, baby",Vegetables and Vegetable Products,FinalFood,False,100260,10/28/2021,[],[]
1999633,Foundation,"Spinach, mature",Vegetables and Vegetable Products,FinalFood,False,11457,10/28/2021,[],[]
1999634,Foundation,"Tomato, roma",Vegetables and Vegetable Products,FinalFood,False,100261,10/28/2021,[],[]
2003586,Foundation,"Flour, 00",Cereal Grains and Pasta,FinalFood,False,100268,10/28/2021,[],[]
2003587,Foundation,"Flour, spelt, whole grain",Cereal Grains and Pasta,FinalFood,False,20140,10/28/2021,[],[]
2003588,Foundation,"Flour, semolina, coarse and semi-coarse",Cereal Grains and Pasta,FinalFood,False,100269,10/28/2021,[],[]
2003589,Foundation,"Flour, semolina, fine",Cereal Grains and Pasta,FinalFood,False,100270,10/28/2021,[],[]
2003590,Foundation,"Apple juice, with added vitamin C, from concentrate, shelf stable",Fruits and Fruit Juices,FinalFood,False,9400,10/28/2021,[],[]
2003591,Foundation,"Orange juice, no pulp, not fortified, from concentrate, refrigerated",Fruits and Fruit Juices,FinalFood,False,9209,10/28/2021,[],[]
2003592,Foundation,"Grape juice, purple, with added vitamin C, from concentrate, shelf stable",Fruits and Fruit Juices,FinalFood,False,9130,10/28/2021,[],[]
2003593,Foundation,"Grape juice, white, with added vitamin C, from concentrate, shelf stable",Fruits and Fruit Juices,FinalFood,False,100266,10/28/2021,[],[]
2003594,Foundation,"Cranberry juice, not fortified, from concentrate, shelf stable",Fruits and Fruit Juices,FinalFood,False,43382,10/28/2021,[],[]
2003595,Foundation,"Grapefruit juice, red, not fortified, not from concentrate, refrigerated",Fruits and Fruit Juices,FinalFood,False,100267,10/28/2021,[],[]
2003596,Foundation,"Tomato juice, with added ingredients, from concentrate, shelf stable",Vegetables and Vegetable Products,FinalFood,False,11540,10/28/2021,[],[]
2003597,Foundation,"Orange juice, no pulp, not fortified, not from concentrate, refrigerated",Fruits and Fruit Juices,FinalFood,False,9206,10/28/2021,[],[]
2003598,Foundation,"Mushroom, portabella",Vegetables and Vegetable Products,FinalFood,False,11243,10/28/2021,[],[]
2003599,Foundation,"Mushroom, king oyster",Vegetables and Vegetable Products,FinalFood,False,100263,10/28/2021,[],[]
2003600,Foundation,"Mushroom, enoki",Vegetables and Vegetable Products,FinalFood,False,11950,10/28/2021,[],[]
2003601,Foundation,"Mushroom, crimini",Vegetables and Vegetable Products,FinalFood,False,11266,10/28/2021,[],[]
2003602,Foundation,"Mushroom, maitake",Vegetables and Vegetable Products,FinalFood,False,11993,10/28/2021,[],[]
2003603,Foundation,"Mushroom, beech",Vegetables and Vegetable Products,FinalFood,False,100264,10/28/2021,[],[]
2003604,Foundation,"Mushroom, pioppini",Vegetables and Vegetable Products,FinalFood,False,100265,10/28/2021,[],[]
2257044,Foundation,"Soy milk, sweetened, plain, refrigerated",Legumes and Legume Products,FinalFood,False,100275,4/28/2022,[],[]
2257045,Foundation,"Almond milk, unsweetened, plain, refrigerated",Beverages,FinalFood,False,100276,4/28/2022,[],[]
2257046,Foundation,"Oat milk, unsweetened, plain, refrigerated",Beverages,FinalFood,False,100277,4/28/2022,[],[]
2258586,Foundation,"Carrots, mature, raw",Vegetables and Vegetable Products,FinalFood,False,11124,4/28/2022,[],[]
2258587,Foundation,"Carrots, baby, raw",Vegetables and Vegetable Products,FinalFood,False,11960,4/28/2022,[],[]
2258588,Foundation,"Peppers, bell, green, raw",Vegetables and Vegetable Products,FinalFood,False,11333,4/28/2022,[],[]
2258589,Foundation,"Peppers, bell, yellow, raw",Vegetables and Vegetable Products,FinalFood,False,11951,4/28/2022,[],[]
2258590,Foundation,"Peppers, bell, red, raw",Vegetables and Vegetable Products,FinalFood,False,11821,4/28/2022,[],[]
2258591,Foundation,"Peppers, bell, orange, raw",Vegetables and Vegetable Products,FinalFood,False,100278,4/28/2022,[],[]
2259792,Foundation,"Buttermilk, low fat",Dairy and Egg Products,FinalFood,False,1088,4/28/2022,[],[]
2259793,Foundation,"Yogurt, plain, whole milk",Dairy and Egg Products,FinalFood,False,1116,4/28/2022,[],[]
2259794,Foundation,"Yogurt, Greek, plain, whole milk",Dairy and Egg Products,FinalFood,False,1293,4/28/2022,[],[]
2259795,Foundation,"Cheese, parmesan, grated, refrigerated",Dairy and Egg Products,FinalFood,False,100272,4/28/2022,[],[]
2259796,Foundation,"Cheese, feta, whole milk, crumbled",Dairy and Egg Products,FinalFood,False,1019,4/28/2022,[],[]
2261420,Foundation,"Flour, almond",Nut and Seed Products,FinalFood,False,100273,4/28/2022,[],[]
2261421,Foundation,"Flour, oat, whole grain",Cereal Grains and Pasta,FinalFood,False,100274,4/28/2022,[],[]
2261422,Foundation,"Flour, potato",Vegetables and Vegetable Products,FinalFood,False,11413,4/28/2022,[],[]
2262072,Foundation,"Peanut butter, creamy",Legumes and Legume Products,FinalFood,False,16098,4/28/2022,[],[]
2262073,Foundation,"Sesame butter, creamy",Nut and Seed Products,FinalFood,False,100271,4/28/2022,[],[]
2262074,Foundation,"Almond butter, creamy",Nut and Seed Products,FinalFood,False,12195,4/28/2022,[],[]
2262075,Foundation,"Flaxseed, ground",Nut and Seed Products,FinalFood,False,12220,4/28/2022,[],[]
2346384,Foundation,"Cottage cheese, full fat, large or small curd",Dairy and Egg Products,FinalFood,False,1012,10/28/2022,[],[]
2346385,Foundation,"Cream cheese, full fat, block",Dairy and Egg Products,FinalFood,False,1017,10/28/2022,[],[]
2346386,Foundation,"Cream, heavy",Dairy and Egg Products,FinalFood,False,1053,10/28/2022,[],[]
2346387,Foundation,"Cream, sour, full fat",Dairy and Egg Products,FinalFood,False,1056,10/28/2022,[],[]
2346388,Foundation,"Lettuce, iceberg, raw",Vegetables and Vegetable Products,FinalFood,False,11252,10/28/2022,[],[]
2346389,Foundation,"Lettuce, romaine, green, raw",Vegetables and Vegetable Products,FinalFood,False,100281,10/28/2022,[],[]
2346390,Foundation,"Lettuce, leaf, red, raw",Vegetables and Vegetable Products,FinalFood,False,11257,10/28/2022,[],[]
2346391,Foundation,"Lettuce, leaf, green, raw",Vegetables and Vegetable Products,FinalFood,False,11253,10/28/2022,[],[]
2346392,Foundation,"Nuts, pine nuts, raw",Nut and Seed Products,FinalFood,False,12147,10/28/2022,[],[]
2346393,Foundation,"Nuts, almonds, whole, raw",Nut and Seed Products,FinalFood,False,12061,10/28/2022,[],[]
2346394,Foundation,"Nuts, walnuts, English, halves, raw",Nut and Seed Products,FinalFood,False,12155,10/28/2022,[],[]
2346395,Foundation,"Nuts, pecans, halves, raw",Nut and Seed Products,FinalFood,False,12142,10/28/2022,[],[]
2346396,Foundation,"Oats, whole grain, rolled, old fashioned",Cereal Grains and Pasta,FinalFood,False,20038,10/28/2022,[],[]
2346397,Foundation,"Oats, whole grain, steel cut",Cereal Grains and Pasta,FinalFood,False,100282,10/28/2022,[],[]
2346398,Foundation,"Pineapple, raw",Fruits and Fruit Juices,FinalFood,False,9266,10/28/2022,[],[]
2346399,Foundation,"Cherries, sweet, dark red, raw",Fruits and Fruit Juices,FinalFood,False,9070,10/28/2022,[],[]
2346400,Foundation,"Beans, snap, green, raw",Vegetables and Vegetable Products,FinalFood,False,11052,10/28/2022,[],[]
2346401,Foundation,"Potatoes, russet, without skin, raw",Vegetables and Vegetable Products,FinalFood,False,100283,10/28/2022,[],[]
2346402,Foundation,"Potatoes, red, without skin, raw",Vegetables and Vegetable Products,FinalFood,False,100284,10/28/2022,[],[]
2346403,Foundation,"Potatoes, gold, without skin, raw",Vegetables and Vegetable Products,FinalFood,False,100285,10/28/2022,[],[]
2346404,Foundation,"Sweet potatoes, orange flesh, without skin, raw",Vegetables and Vegetable Products,FinalFood,False,100286,10/28/2022,[],[]
2346405,Foundation,"Celery, raw",Vegetables and Vegetable Products,FinalFood,False,11143,10/28/2022,[],[]
2346406,Foundation,"Cucumber, with peel, raw",Vegetables and Vegetable Products,FinalFood,False,11205,10/28/2022,[],[]
2346407,Foundation,"Cabbage, green, raw",Vegetables and Vegetable Products,FinalFood,False,11109,10/28/2022,[],[]
2346408,Foundation,"Cabbage, red, raw",Vegetables and Vegetable Products,FinalFood,False,11112,10/28/2022,[],[]
2346409,Foundation,"Strawberries, raw",Fruits and Fruit Juices,FinalFood,False,9316,10/28/2022,[],[]
2346410,Foundation,"Raspberries, raw",Fruits and Fruit Juices,FinalFood,False,9302,10/28/2022,[],[]
2346411,Foundation,"Blueberries, raw",Fruits and Fruit Juices,FinalFood,False,9050,10/28/2022,[],[]
2346412,Foundation,"Grapes, red, seedless, raw",Fruits and Fruit Juices,FinalFood,False,100279,10/28/2022,[],[]
2346413,Foundation,"Grapes, green, seedless, raw",Fruits and Fruit Juices,FinalFood,False,100280,10/28/2022,[],[]
2346414,Foundation,"Applesauce, unsweetened, with added vitamin C",Fruits and Fruit Juices,FinalFood,False,9401,10/28/2022,[],[]
2512371,Foundation,"Flour, amaranth",Cereal Grains and Pasta,FinalFood,False,100287,4/20/2023,[],[]
2512372,Foundation,"Flour, quinoa",Cereal Grains and Pasta,FinalFood,False,100288,4/20/2023,[],[]
2512373,Foundation,"Flour, sorghum",Cereal Grains and Pasta,FinalFood,False,100289,4/20/2023,[],[]
2512374,Foundation,"Flour, buckwheat",Cereal Grains and Pasta,FinalFood,False,20011,4/20/2023,[],[]
2512375,Foundation,"Flour, rye",Cereal Grains and Pasta,FinalFood,False,100290,4/20/2023,[],[]
2512376,Foundation,"Flour, barley",Cereal Grains and Pasta,FinalFood,False,20130,4/20/2023,[],[]
2512377,Foundation,"Flour, cassava",Vegetables and Vegetable Products,FinalFood,False,100291,4/20/2023,[],[]
2512378,Foundation,"Buckwheat, whole grain",Cereal Grains and Pasta,FinalFood,False,20008,4/20/2023,[],[]
2512379,Foundation,"Millet, whole grain",Cereal Grains and Pasta,FinalFood,False,20031,4/20/2023,[],[]
2512380,Foundation,"Rice, brown, long grain, unenriched, raw",Cereal Grains and Pasta,FinalFood,False,20036,4/20/2023,[],[]
2512381,Foundation,"Rice, white, long grain, unenriched, raw",Cereal Grains and Pasta,FinalFood,False,20444,4/20/2023,[],[]
2514743,Foundation,"Beef, ground, 90% lean meat / 10% fat, raw",Beef Products,FinalFood,False,23562,4/20/2023,[],[]
2514744,Foundation,"Beef, ground, 80% lean meat / 20% fat, raw",Beef Products,FinalFood,False,23572,4/20/2023,[],[]
2514745,Foundation,"Pork, ground, raw",Pork Products,FinalFood,False,10219,4/20/2023,[],[]
2514746,Foundation,"Chicken, ground, with additives, raw",Poultry Products,FinalFood,False,5332,4/20/2023,[],[]
2514747,Foundation,"Turkey, ground, 93% lean/ 7% fat, raw",Poultry Products,FinalFood,False,5665,4/20/2023,[],[]
2515373,Foundation,"Nuts, brazilnuts, raw",Nut and Seed Products,FinalFood,False,100294,4/20/2023,[],[]
2515374,Foundation,"Nuts, cashew nuts, raw",Nut and Seed Products,FinalFood,False,12087,4/20/2023,[],[]
2515375,Foundation,"Nuts, hazelnuts or filberts, raw",Nut and Seed Products,FinalFood,False,12120,4/20/2023,[],[]
2515376,Foundation,"Peanuts, raw",Legumes and Legume Products,FinalFood,False,16087,4/20/2023,[],[]
2515377,Foundation,"Flour, chestnut",Nut and Seed Products,FinalFood,False,100292,4/20/2023,[],[]
2515378,Foundation,"Nuts, macadamia nuts, raw",Nut and Seed Products,FinalFood,False,12131,4/20/2023,[],[]
2515379,Foundation,"Nuts, pistachio nuts, raw",Nut and Seed Products,FinalFood,False,12151,4/20/2023,[],[]
2515380,Foundation,"Seeds, pumpkin seeds (pepitas), raw",Nut and Seed Products,FinalFood,False,12014,4/20/2023,[],[]
2515381,Foundation,"Seeds, sunflower seed, kernel, raw",Nut and Seed Products,FinalFood,False,12036,4/20/2023,[],[]
2515382,Foundation,"Flour, coconut",Nut and Seed Products,FinalFood,False,100293,4/20/2023,[],[]
2644281,Foundation,"Beans, cannellini, dry",Legumes and Legume Products,FinalFood,False,100310,10/26/2023,[],[]
2644282,Foundation,"Chickpeas, (garbanzo beans, bengal gram), dry",Legumes and Legume Products,FinalFood,False,100311,10/26/2023,[],[]
2644283,Foundation,"Lentils, dry",Legumes and Legume Products,FinalFood,False,100312,10/26/2023,[],[]
2644284,Foundation,"Blackeye pea, dry",Legumes and Legume Products,FinalFood,False,100313,10/26/2023,[],[]
2644285,Foundation,"Beans, black, canned, sodium added, drained and rinsed",Legumes and Legume Products,FinalFood,False,100314,10/26/2023,[],[]
2644286,Foundation,"Beans, navy, canned, sodium added, drained and rinsed",Legumes and Legume Products,FinalFood,False,100315,10/26/2023,[],[]
2644287,Foundation,"Beans, cannellini, canned, sodium added, drained and rinsed",Legumes and Legume Products,FinalFood,False,100316,10/26/2023,[],[]
2644288,Foundation,"Chickpeas (garbanzo beans, bengal gram), canned, sodium added, drained and rinsed",Legumes and Legume Products,FinalFood,False,100317,10/26/2023,[],[]
2644289,Foundation,"Beans, kidney, dark red, canned, sodium added, sugar added, drained and rinsed",Legumes and Legume Products,FinalFood,False,100318,10/26/2023,[],[]
2644290,Foundation,"Beans, kidney, light red, canned, sodium added, sugar added, drained and rinsed",Legumes and Legume Products,FinalFood,False,100319,10/26/2023,[],[]
2644291,Foundation,"Peas, green, sweet, canned, sodium added, sugar added, drained and rinsed",Vegetables and Vegetable Products,FinalFood,False,100320,10/26/2023,[],[]
2644292,Foundation,"Beans, pinto, canned, sodium added, drained and rinsed",Legumes and Legume Products,FinalFood,False,100321,10/26/2023,[],[]
2644293,Foundation,"Blackeye pea, canned, sodium added, drained and rinsed",Legumes and Legume Products,FinalFood,False,100322,10/26/2023,[],[]
2644294,Foundation,"Beans, great northern, canned, sodium added, drained and rinsed",Legumes and Legume Products,FinalFood,False,100323,10/26/2023,[],[]
2646168,Foundation,"Pork, loin, boneless, raw",Pork Products,FinalFood,False,100302,10/26/2023,[],[]
2646169,Foundation,"Pork, loin, tenderloin, boneless, raw",Pork Products,FinalFood,False,100303,10/26/2023,[],[]
2646170,Foundation,"Chicken, breast, boneless, skinless, raw",Poultry Products,FinalFood,False,100304,10/26/2023,[],[]
2646171,Foundation,"Chicken, thigh, boneless, skinless, raw",Poultry Products,FinalFood,False,100305,10/26/2023,[],[]
2646172,Foundation,"Beef, ribeye, steak, boneless, choice, raw",Beef Products,FinalFood,False,100306,10/26/2023,[],[]
2646173,Foundation,"Beef, round, top round, boneless, choice, raw",Beef Products,FinalFood,False,100307,10/26/2023,[],[]
2646174,Foundation,"Beef, chuck, roast, boneless, choice, raw",Beef Products,FinalFood,False,100308,10/26/2023,[],[]
2646175,Foundation,"Beef, flank, steak, boneless, choice, raw",Beef Products,FinalFood,False,100309,10/26/2023,[],[]
2647437,Foundation,"Yogurt, plain, nonfat",Dairy and Egg Products,FinalFood,False,100295,10/26/2023,[],[]
2647438,Foundation,"Cheese, monterey jack, solid",Dairy and Egg Products,FinalFood,False,100296,10/26/2023,[],[]
2647439,Foundation,"Cheese, pasteurized process cheese food or product, American, singles",Dairy and Egg Products,FinalFood,False,100297,10/26/2023,[],[]
2647440,Foundation,"Cheese, provolone, sliced",Dairy and Egg Products,FinalFood,False,100298,10/26/2023,[],[]
2647441,Foundation,"Cheese, oaxaca, solid",Dairy and Egg Products,FinalFood,False,100299,10/26/2023,[],[]
2647442,Foundation,"Cheese, queso fresco, solid",Dairy and Egg Products,FinalFood,False,100300,10/26/2023,[],[]
2647443,Foundation,"Cheese, cotija, solid",Dairy and Egg Products,FinalFood,False,100301,10/26/2023,[],[]
2684440,Foundation,"Fish, salmon, sockeye, wild caught, raw",Finfish and Shellfish Products,FinalFood,False,100324,4/18/2024,[],[]
2684441,Foundation,"Fish, salmon, Atlantic, farm raised, raw",Finfish and Shellfish Products,FinalFood,False,15236,4/18/2024,[],[]
2684442,Foundation,"Fish, tilapia, farm raised, raw",Finfish and Shellfish Products,FinalFood,False,100326,4/18/2024,[],[]
2684443,Foundation,"Crustaceans, shrimp, farm raised, raw",Finfish and Shellfish Products,FinalFood,False,100327,4/18/2024,[],[]
2684444,Foundation,"Fish, cod, Atlantic, wild caught, raw",Finfish and Shellfish Products,FinalFood,False,100328,4/18/2024,[],[]
2684445,Foundation,"Fish, catfish, farm raised, raw",Finfish and Shellfish Products,FinalFood,False,15234,4/18/2024,[],[]
2684446,Foundation,"Crustaceans, crab, blue swimming, lump, pasteurized, refrigerated",Finfish and Shellfish Products,FinalFood,False,100330,4/18/2024,[],[]
2685568,Foundation,"Squash, summer, green, zucchini, includes skin, raw",Vegetables and Vegetable Products,FinalFood,False,100331,4/18/2024,[],[]
2685569,Foundation,"Squash, summer, yellow, includes skin, raw",Vegetables and Vegetable Products,FinalFood,False,100332,4/18/2024,[],[]
2685570,Foundation,"Squash, winter, butternut, raw",Vegetables and Vegetable Products,FinalFood,False,11485,4/18/2024,[],[]
2685571,Foundation,"Squash, winter, acorn, raw",Vegetables and Vegetable Products,FinalFood,False,11482,4/18/2024,[],[]
2685572,Foundation,"Cabbage, bok choy, raw",Vegetables and Vegetable Products,FinalFood,False,11116,4/18/2024,[],[]
2685573,Foundation,"Cauliflower, raw",Vegetables and Vegetable Products,FinalFood,False,11135,4/18/2024,[],[]
2685574,Foundation,"Collards, raw",Vegetables and Vegetable Products,FinalFood,False,11161,4/18/2024,[],[]
2685575,Foundation,"Brussels sprouts, raw",Vegetables and Vegetable Products,FinalFood,False,11098,4/18/2024,[],[]
2685576,Foundation,"Beets, raw",Vegetables and Vegetable Products,FinalFood,False,11080,4/18/2024,[],[]
2685577,Foundation,"Eggplant, raw",Vegetables and Vegetable Products,FinalFood,False,11209,4/18/2024,[],[]
2685578,Foundation,"Tomatoes, whole, canned, solids and liquids, with salt added",Vegetables and Vegetable Products,FinalFood,False,100341,4/18/2024,[],[]
2685579,Foundation,"Tomato, sauce, canned, with salt added",Vegetables and Vegetable Products,FinalFood,False,100342,4/18/2024,[],[]
2685580,Foundation,"Tomato, paste, canned, without salt added",Vegetables and Vegetable Products,FinalFood,False,11546,4/18/2024,[],[]
2685581,Foundation,"Tomatoes, crushed, canned",Vegetables and Vegetable Products,FinalFood,False,11693,4/18/2024,[],[]
2685582,Foundation,"Tomato, puree, canned",Vegetables and Vegetable Products,FinalFood,False,100345,4/18/2024,[],[]
2710815,Foundation,"Apricot, with skin, raw",Fruits and Fruit Juices,FinalFood,False,9021,10/31/2024,[],[]
2710816,Foundation,"Melons, honeydew, raw",Fruits and Fruit Juices,FinalFood,False,9184,10/31/2024,[],[]
2710817,Foundation,"Plantains, ripe, raw",Fruits and Fruit Juices,FinalFood,False,9277,10/31/2024,[],[]
2710818,Foundation,"Plantains, underripe, raw",Fruits and Fruit Juices,FinalFood,False,9542,10/31/2024,[],[]
2710819,Foundation,"Chia seeds, dry, raw",Cereal Grains and Pasta,FinalFood,False,12006,10/31/2024,[],[]
2710820,Foundation,"Bulgur, dry, raw",Cereal Grains and Pasta,FinalFood,False,20012,10/31/2024,[],[]
2710821,Foundation,"Wild rice, dry, raw",Cereal Grains and Pasta,FinalFood,False,20088,10/31/2024,[],[]
2710822,Foundation,"Arugula, baby, raw",Vegetables and Vegetable Products,FinalFood,False,100346,10/31/2024,[],[]
2710823,Foundation,"Asparagus, green, raw",Vegetables and Vegetable Products,FinalFood,False,100347,10/31/2024,[],[]
2710824,Foundation,"Avocado, Hass, peeled, raw",Fruits and Fruit Juices,FinalFood,False,100348,10/31/2024,[],[]
2710825,Foundation,"Rice, black, unenriched, raw",Cereal Grains and Pasta,FinalFood,False,100349,10/31/2024,[],[]
2710826,Foundation,"Corn, sweet, yellow and white kernels, fresh, raw",Vegetables and Vegetable Products,FinalFood,False,100350,10/31/2024,[],[]
2710827,Foundation,"Einkorn, grain, dry, raw",Cereal Grains and Pasta,FinalFood,False,100351,10/31/2024,[],[]
2710828,Foundation,"Farro, pearled, dry, raw",Cereal Grains and Pasta,FinalFood,False,100352,10/31/2024,[],[]
2710829,Foundation,"Fonio, grain, dry, raw",Cereal Grains and Pasta,FinalFood,False,100353,10/31/2024,[],[]
2710830,Foundation,"Khorasan, grain, dry, raw",Cereal Grains and Pasta,FinalFood,False,100356,10/31/2024,[],[]
2710831,Foundation,"Kiwifruit (kiwi), green, peeled, raw",Fruits and Fruit Juices,FinalFood,False,100357,10/31/2024,[],[]
2710832,Foundation,"Mandarin, seedless, peeled, raw",Fruits and Fruit Juices,FinalFood,False,100358,10/31/2024,[],[]
2710833,Foundation,"Mango, Tommy Atkins, peeled, raw",Fruits and Fruit Juices,FinalFood,False,100359,10/31/2024,[],[]
2710834,Foundation,"Mango, Ataulfo, peeled, raw",Fruits and Fruit Juices,FinalFood,False,100360,10/31/2024,[],[]
2710835,Foundation,"Corn flour, masa harina, white or yellow, dry, raw",Cereal Grains and Pasta,FinalFood,False,100361,10/31/2024,[],[]
2710836,Foundation,"Pear, Anjou, green, with skin, raw",Fruits and Fruit Juices,FinalFood,False,9415,10/31/2024,[],[]
2710837,Foundation,"Plum, black, with skin, raw",Fruits and Fruit Juices,FinalFood,False,100363,10/31/2024,[],[]
2710838,Foundation,"Rice, red, unenriched, dry, raw",Cereal Grains and Pasta,FinalFood,False,100364,10/31/2024,[],[]
2710839,Foundation,"Sorghum bran, white, unenriched, dry, raw",Cereal Grains and Pasta,FinalFood,False,100365,10/31/2024,[],[]
2710840,Foundation,"Sorghum flour, white, pearled, unenriched, dry, raw",Cereal Grains and Pasta,FinalFood,False,100366,10/31/2024,[],[]
2710841,Foundation,"Sorghum grain, white, pearled, unenriched, dry, raw",Cereal Grains and Pasta,FinalFood,False,100367,10/31/2024,[],[]
2710842,Foundation,"Sorghum, whole grain, white, dry, raw",Cereal Grains and Pasta,FinalFood,False,100368,10/31/2024,[],[]
2710843,Foundation,"Plantains, overripe, raw",Fruits and Fruit Juices,FinalFood,False,100371,10/31/2024,[],[]
2727566,Foundation,"Chicken, drumstick, meat and skin, raw",Poultry Products,FinalFood,False,100372,4/24/2025,[],[]
2727567,Foundation,"Chicken, thigh, meat and skin, raw",Poultry Products,FinalFood,False,100373,4/24/2025,[],[]
2727568,Foundation,"Chicken, wing, meat and skin, raw",Poultry Products,FinalFood,False,100374,4/24/2025,[],[]
2727569,Foundation,"Chicken, breast, meat and skin, raw",Poultry Products,FinalFood,False,100375,4/24/2025,[],[]
2727570,Foundation,"Lamb, ground, raw","Lamb, Veal, and Game Products",FinalFood,False,17224,4/24/2025,[],[]
2727571,Foundation,"Bison, ground, raw","Lamb, Veal, and Game Products",FinalFood,False,100376,4/24/2025,[],[]
2727572,Foundation,"Beef, short loin (NY strip steak), raw",Beef Products,FinalFood,False,100377,4/24/2025,[],[]
2727573,Foundation,"Beef,tenderloin steak, raw",Beef Products,FinalFood,False,100378,4/24/2025,[],[]
2727574,Foundation,"Beef, top sirloin steak, raw",Beef Products,FinalFood,False,100379,4/24/2025,[],[]
2727575,Foundation,"Pork, chop, center cut, raw",Pork Products,FinalFood,False,100380,4/24/2025,[],[]
2727576,Foundation,"Pork, belly, with skin, raw",Pork Products,FinalFood,False,100381,4/24/2025,[],[]
2727577,Foundation,"Pawpaw, peeled, seeded, raw",Fruits and Fruit Juices,FinalFood,False,100382,4/24/2025,[],[]
2727578,Foundation,"Squash, pie pumpkin, peeled, seeded, raw",Vegetables and Vegetable Products,FinalFood,False,100385,4/24/2025,[],[]
2727579,Foundation,"Squash, spaghetti, peeled, seeded, raw",Vegetables and Vegetable Products,FinalFood,False,100386,4/24/2025,[],[]
2727580,Foundation,"Rutabaga, peeled, raw",Vegetables and Vegetable Products,FinalFood,False,100387,4/24/2025,[],[]
2727581,Foundation,"Blackberries, raw",Fruits and Fruit Juices,FinalFood,False,9042,4/24/2025,[],[]
2727582,Foundation,"Tomatillos, dehusked, raw",Vegetables and Vegetable Products,FinalFood,False,100388,4/24/2025,[],[]
2727583,Foundation,"Cabbage, napa, leaf, destemmed, raw",Vegetables and Vegetable Products,FinalFood,False,100389,4/24/2025,[],[]
2727584,Foundation,"Leeks, bulb and greens, root removed, raw",Vegetables and Vegetable Products,FinalFood,False,100390,4/24/2025,[],[]
2727585,Foundation,"Green onion, (scallion), bulb and greens, root removed, raw",Vegetables and Vegetable Products,FinalFood,False,100391,4/24/2025,[],[]
2727586,Foundation,"Shallots, bulb, peeled, root removed, raw",Vegetables and Vegetable Products,FinalFood,False,100392,4/24/2025,[],[]
2727587,Foundation,"Juice, prune, shelf-stable",Fruits and Fruit Juices,FinalFood,False,100393,4/24/2025,[],[]
2727588,Foundation,"Juice, pomegranate, from concentrate, shelf-stable",Fruits and Fruit Juices,FinalFood,False,100394,4/24/2025,[],[]
2727589,Foundation,"Juice, tart cherry, from concentrate, shelf-stable",Fruits and Fruit Juices,FinalFood,False,100395,4/24/2025,[],[]
